Vehicle Name,Device ID,Epoch,Start Date,End Date,Status,Source,Ghost Record?,Total Valid Days,Estimated Log Entries
C1_KA01D7292_JETTING,C1_KA01D7292_JETTING,B,2022-05-01,2024-04-30,ACTIVE,SIMULATION,No,594,23760
C1_KA02AC5939_JETTING,C1_KA02AC5939_JETTING,A,2021-05-01,2022-04-30,ACTIVE,SIMULATION,No,295,11800
C1_KA04850_TANKER,C1_KA04850_TANKER,A,2021-05-01,2022-04-30,SCRAPPED,SCRAPPED,No,0,0
C1_KA04A7291_JETTING,C1_KA04A7291_JETTING,A,2021-05-01,2022-04-30,ACTIVE,SIMULATION,No,295,11800
C1_KA04AA9013_DESILTING,C1_KA04AA9013_DESILTING,A,2021-05-01,2022-04-30,ACTIVE,SIMULATION,No,295,11800
C1_KA04AD2944_DESILTING,C1_KA04AD2944_DESILTING,B,2022-05-01,2024-04-30,ACTIVE,SIMULATION,No,594,23760
C1_KA04C5126_JETTING,C1_KA04C5126_JETTING,A,2021-05-01,2022-04-30,ACTIVE,SIMULATION,No,295,11800
C1_KA04C5127_JETTING,C1_KA04C5127_JETTING,B,2022-05-01,2024-04-30,ACTIVE,SIMULATION,No,594,23760
C1_KA04D4107_JETTING,C1_KA04D4107_JETTING,B,2022-05-01,2024-04-30,ACTIVE,SIMULATION,No,594,23760
C1_KA04D5121_TANKER,C1_KA04D5121_TANKER,B,2022-05-01,2024-04-30,ACTIVE,SIMULATION,No,594,23760
C1_KA04D5123_TANKER,C1_KA04D5123_TANKER,A,2021-05-01,2022-04-30,ACTIVE,SIMULATION,No,295,11800
C2_KA01D7292_JETTING,C2_KA01D7292_JETTING,A,2021-05-01,2022-04-30,ACTIVE,SIMULATION,No,295,11800
C2_KA02AC5935_JETTING,C2_KA02AC5935_JETTING,B,2022-05-01,2024-04-30,ACTIVE,SIMULATION,No,594,23760
C2_KA02AC5950_JETTING,C2_KA02AC5950_JETTING,B,2022-05-01,2024-04-30,ACTIVE,SIMULATION,No,594,23760
C2_KA02AH5781_JETTING,C2_KA02AH5781_JETTING,A,2021-05-01,2022-04-30,ACTIVE,SIMULATION,No,295,11800
C2_KA03B965_JETTING,C2_KA03B965_JETTING,B,2022-05-01,2024-04-30,SCRAPPED,SCRAPPED,No,0,0
C2_KA03C5048_TANKER,C2_KA03C5048_TANKER,B,2022-05-01,2024-04-30,ACTIVE,SIMULATION,No,594,23760
C2_KA03C5064_TANKER,C2_KA03C5064_TANKER,B,2022-05-01,2024-04-30,ACTIVE,SIMULATION,No,594,23760
C2_KA04AA7688_DESILTING,C2_KA04AA7688_DESILTING,B,2022-05-01,2024-04-30,ACTIVE,SIMULATION,No,594,23760
C2_KA04AA9028_DESILTING,C2_KA04AA9028_DESILTING,B,2022-05-01,2024-04-30,ACTIVE,SIMULATION,No,594,23760
C2_KA04AD2944_DESILTING,C2_KA04AD2944_DESILTING,A,2021-05-01,2022-04-30,ACTIVE,SIMULATION,No,295,11800
C2_KA04C5127_JETTING,C2_KA04C5127_JETTING,A,2021-05-01,2022-04-30,ACTIVE,SIMULATION,No,295,11800
C2_KA04C5160_JETTING,C2_KA04C5160_JETTING,B,2022-05-01,2024-04-30,ACTIVE,SIMULATION,No,594,23760
C2_KA04D4107_JETTING,C2_KA04D4107_JETTING,A,2021-05-01,2022-04-30,ACTIVE,SIMULATION,No,295,11800
C2_KA04D5121_TANKER,C2_KA04D5121_TANKER,A,2021-05-01,2022-04-30,ACTIVE,SIMULATION,No,295,11800
C3_KA02AC5935_JETTING,C3_KA02AC5935_JETTING,A,2021-05-01,2022-04-30,ACTIVE,SIMULATION,No,295,11800
C3_KA02AC5950_JETTING,C3_KA02AC5950_JETTING,A,2021-05-01,2022-04-30,ACTIVE,SIMULATION,No,295,11800
C3_KA03B965_JETTING,C3_KA03B965_JETTING,A,2021-05-01,2022-04-30,SCRAPPED,SCRAPPED,No,0,0
C3_KA03C5048_TANKER,C3_KA03C5048_TANKER,A,2021-05-01,2022-04-30,ACTIVE,SIMULATION,No,295,11800
C3_KA03C5064_TANKER,C3_KA03C5064_TANKER,A,2021-05-01,2022-04-30,ACTIVE,SIMULATION,No,295,11800
C3_KA04AA7688_DESILTING,C3_KA04AA7688_DESILTING,A,2021-05-01,2022-04-30,ACTIVE,SIMULATION,No,295,11800
C3_KA04AA9028_DESILTING,C3_KA04AA9028_DESILTING,A,2021-05-01,2022-04-30,ACTIVE,SIMULATION,No,295,11800
C3_KA04C3716 JETTING,C3_KA04C3716 JETTING,A,2021-05-01,2022-04-30,ACTIVE,SIMULATION,No,295,11800
C3_KA04C5156_JETTING,C3_KA04C5156_JETTING,A,2021-05-01,2022-04-30,ACTIVE,SIMULATION,No,295,11800
C3_KA04C5160_JETTING,C3_KA04C5160_JETTING,A,2021-05-01,2022-04-30,ACTIVE,SIMULATION,No,295,11800
C3_KA04D4276_JETTING,C3_KA04D4276_JETTING,A,2021-05-01,2022-04-30,ACTIVE,SIMULATION,No,295,11800
C3_KA05D8078_TANKER,C3_KA05D8078_TANKER,A,2021-05-01,2022-04-30,ACTIVE,SIMULATION,No,295,11800
E11_KA02AH5784_JETTING,E11_KA02AH5784_JETTING,A,2021-05-01,2022-04-30,ACTIVE,SIMULATION,No,295,11800
E11_KA04C5158_JETTING,E11_KA04C5158_JETTING,B,2022-05-01,2024-04-30,ACTIVE,SIMULATION,No,594,23760
E11_KA04D5163_JETTING,E11_KA04D5163_JETTING,B,2022-05-01,2024-04-30,ACTIVE,SIMULATION,No,594,23760
E11_KA04D5289_TANKER,E11_KA04D5289_TANKER,B,2022-05-01,2024-04-30,ACTIVE,SIMULATION,No,594,23760
E11_KA04D5291_TANKER,E11_KA04D5291_TANKER,B,2022-05-01,2024-04-30,ACTIVE,SIMULATION,No,594,23760
E12_KA03AJ4270_JETTING,E12_KA03AJ4270_JETTING,A,2021-05-01,2022-04-30,ACTIVE,SIMULATION,No,295,11800
E12_KA04D6648_JETTING,E12_KA04D6648_JETTING,B,2022-05-01,2024-04-30,ACTIVE,SIMULATION,No,594,23760
E12_KA04D6650_JETTING,E12_KA04D6650_JETTING,B,2022-05-01,2024-04-30,ACTIVE,SIMULATION,No,594,23760
E13_KA02AC4534_JETTING,E13_KA02AC4534_JETTING,B,2022-05-01,2024-04-30,ACTIVE,SIMULATION,No,594,23760
E1_KA02AC4521_JETTING,E1_KA02AC4521_JETTING,A,2021-05-01,2022-04-30,ACTIVE,SIMULATION,No,295,11800
E1_KA03C5060_TANKER,E1_KA03C5060_TANKER,A,2021-05-01,2022-04-30,ACTIVE,SIMULATION,No,295,11800
E1_KA04A3281_JETTING,E1_KA04A3281_JETTING,A,2021-05-01,2022-04-30,ACTIVE,SIMULATION,No,295,11800
E1_KA04AA9026_DESILTING,E1_KA04AA9026_DESILTING,A,2021-05-01,2022-04-30,ACTIVE,SIMULATION,No,295,11800
E1_KA04AB6024_JETTING,E1_KA04AB6024_JETTING,A,2021-05-01,2022-04-30,ACTIVE,SIMULATION,No,295,11800
E1_KA04C5153_JETTING,E1_KA04C5153_JETTING,A,2021-05-01,2022-04-30,ACTIVE,SIMULATION,No,295,11800
E1_KA04D4862_JETTING,E1_KA04D4862_JETTING,A,2021-05-01,2022-04-30,ACTIVE,SIMULATION,No,295,11800
E1_KA04D5122_TANKER,E1_KA04D5122_TANKER,B,2022-05-01,2024-04-30,ACTIVE,SIMULATION,No,594,23760
E1_KA04D5294_TANKER,E1_KA04D5294_TANKER,A,2021-05-01,2022-04-30,ACTIVE,SIMULATION,No,295,11800
E21_KA02AC4521_JETTING,E21_KA02AC4521_JETTING,B,2022-05-01,2024-04-30,ACTIVE,SIMULATION,No,594,23760
E21_KA03C5060_TANKER,E21_KA03C5060_TANKER,B,2022-05-01,2024-04-30,ACTIVE,SIMULATION,No,594,23760
E21_KA04D4862_JETTING,E21_KA04D4862_JETTING,B,2022-05-01,2024-04-30,ACTIVE,SIMULATION,No,594,23760
E22_KA04C5153_JETTING,E22_KA04C5153_JETTING,B,2022-05-01,2024-04-30,ACTIVE,SIMULATION,No,594,23760
E23_KA04C3716_JETTING,E23_KA04C3716_JETTING,B,2022-05-01,2024-04-30,ACTIVE,SIMULATION,No,594,23760
E24_KA03C5056_TANKER,E24_KA03C5056_TANKER,B,2022-05-01,2024-04-30,ACTIVE,SIMULATION,No,594,23760
E24_KA04C5159_JETTING,E24_KA04C5159_JETTING,B,2022-05-01,2024-04-30,ACTIVE,SIMULATION,No,594,23760
E24_KA04D4157_JETTING,E24_KA04D4157_JETTING,B,2022-05-01,2024-04-30,ACTIVE,SIMULATION,No,594,23760
E24_KA04D5127_TANKER,E24_KA04D5127_TANKER,B,2022-05-01,2024-04-30,ACTIVE,SIMULATION,No,594,23760
E2_KA04AA9023_DESILTING,E2_KA04AA9023_DESILTING,A,2021-05-01,2022-04-30,ACTIVE,SIMULATION,No,295,11800
E2_KA04AB6020_JETTING,E2_KA04AB6020_JETTING,A,2021-05-01,2022-04-30,ACTIVE,SIMULATION,No,295,11800
E2_KA04C5158_JETTING,E2_KA04C5158_JETTING,A,2021-05-01,2022-04-30,ACTIVE,SIMULATION,No,295,11800
E2_KA04D5163_JETTING,E2_KA04D5163_JETTING,A,2021-05-01,2022-04-30,ACTIVE,SIMULATION,No,295,11800
E2_KA04D5289_TANKER,E2_KA04D5289_TANKER,A,2021-05-01,2022-04-30,ACTIVE,SIMULATION,No,295,11800
E2_KA04D5291_TANKER,E2_KA04D5291_TANKER,A,2021-05-01,2022-04-30,ACTIVE,SIMULATION,No,295,11800
E3_KA02AC5938_JETTING,E3_KA02AC5938_JETTING,A,2021-05-01,2022-04-30,ACTIVE,SIMULATION,No,295,11800
E3_KA02AF6874_TANKER,E3_KA02AF6874_TANKER,A,2021-05-01,2022-04-30,ACTIVE,SIMULATION,No,295,11800
E3_KA03C5056_TANKER,E3_KA03C5056_TANKER,A,2021-05-01,2022-04-30,ACTIVE,SIMULATION,No,295,11800
E3_KA04AA9032_DESILTING,E3_KA04AA9032_DESILTING,A,2021-05-01,2022-04-30,ACTIVE,SIMULATION,No,295,11800
E3_KA04AB6023_JETTING,E3_KA04AB6023_JETTING,A,2021-05-01,2022-04-30,ACTIVE,SIMULATION,No,295,11800
E3_KA04C5159_JETTING,E3_KA04C5159_JETTING,A,2021-05-01,2022-04-30,ACTIVE,SIMULATION,No,295,11800
E3_KA04D4157_JETTING,E3_KA04D4157_JETTING,A,2021-05-01,2022-04-30,ACTIVE,SIMULATION,No,295,11800
E3_KA04D5127_TANKER,E3_KA04D5127_TANKER,A,2021-05-01,2022-04-30,ACTIVE,SIMULATION,No,295,11800
E4_KA02AC4534_JETTING,E4_KA02AC4534_JETTING,A,2021-05-01,2022-04-30,ACTIVE,SIMULATION,No,295,11800
E4_KA04AA7684_DESILTING,E4_KA04AA7684_DESILTING,A,2021-05-01,2022-04-30,ACTIVE,SIMULATION,No,295,11800
E4_KA04AB6022_JETTING,E4_KA04AB6022_JETTING,A,2021-05-01,2022-04-30,ACTIVE,SIMULATION,No,295,11800
E4_KA04D5309_TANKER,E4_KA04D5309_TANKER,A,2021-05-01,2022-04-30,ACTIVE,SIMULATION,No,295,11800
E4_KA04D6648_JETTING,E4_KA04D6648_JETTING,A,2021-05-01,2022-04-30,ACTIVE,SIMULATION,No,295,11800
E4_KA04D6650_JETLING,E4_KA04D6650_JETLING,A,2021-05-01,2022-04-30,ACTIVE,SIMULATION,No,295,11800
EEW2_KA02AH4423_JETTING,EEW2_KA02AH4423_JETTING,A,2021-05-01,2022-04-30,ACTIVE,SIMULATION,No,295,11800
EEWWMSTPVV1_KA04D3155_TANKER,EEWWMSTPVV1_KA04D3155_TANKER,A,2021-05-01,2022-04-30,SCRAPPED,SCRAPPED,No,0,0
EE_WWMNH_A_V_KA53B3470_SUCTION,EE_WWMNH_A_V_KA53B3470_SUCTION,B,2022-05-01,2024-04-30,ACTIVE,SIMULATION,No,594,23760
EE_WWMNH_A_V_KA53B3471_SUCTION,EE_WWMNH_A_V_KA53B3471_SUCTION,B,2022-05-01,2024-04-30,ACTIVE,SIMULATION,No,594,23760
EE_WWMNK_T_V_KA53B3469_JETTING,EE_WWMNK_T_V_KA53B3469_JETTING,B,2022-05-01,2024-04-30,ACTIVE,SIMULATION,No,594,23760
N11_KA04AA7682_DESILTING,N11_KA04AA7682_DESILTING,B,2022-05-01,2024-04-30,ACTIVE,SIMULATION,No,594,23760
N11_KA04C5142_JETTING,N11_KA04C5142_JETTING,B,2022-05-01,2024-04-30,ACTIVE,SIMULATION,No,594,23760
N11_KA04D6659_JETTING,N11_KA04D6659_JETTING,B,2022-05-01,2024-04-30,ACTIVE,SIMULATION,No,594,23760
N11_KA50A9853_JETTING,N11_KA50A9853_JETTING,A,2021-05-01,2022-04-30,ACTIVE,SIMULATION,No,295,11800
N12_KA04A6215_JETTING,N12_KA04A6215_JETTING,B,2022-05-01,2024-04-30,ACTIVE,SIMULATION,No,594,23760
N12_KA04AA1780_DESILTING,N12_KA04AA1780_DESILTING,B,2022-05-01,2024-04-30,ACTIVE,SIMULATION,No,594,23760
N12_KA04AA1781_DESILTING,N12_KA04AA1781_DESILTING,B,2022-05-01,2024-04-30,ACTIVE,SIMULATION,No,594,23760
N12_KA04AA1783_DESILTING,N12_KA04AA1783_DESILTING,B,2022-05-01,2024-04-30,ACTIVE,SIMULATION,No,594,23760
N12_KA04AA1784_DESILTING,N12_KA04AA1784_DESILTING,B,2022-05-01,2024-04-30,ACTIVE,SIMULATION,No,594,23760
N12_KA04B7114_TANKER,N12_KA04B7114_TANKER,B,2022-05-01,2024-04-30,ACTIVE,SIMULATION,No,594,23760
N12_KA04C3715_JETTING,N12_KA04C3715_JETTING,B,2022-05-01,2024-04-30,ACTIVE,SIMULATION,No,594,23760
N12_KA04D4115_JETTING,N12_KA04D4115_JETTING,B,2022-05-01,2024-04-30,ACTIVE,SIMULATION,No,594,23760
N1_KA04AA9031_DESILTING,N1_KA04AA9031_DESILTING,A,2021-05-01,2022-04-30,ACTIVE,SIMULATION,No,295,11800
N1_KA04AB6025_JETTING,N1_KA04AB6025_JETTING,A,2021-05-01,2022-04-30,ACTIVE,SIMULATION,No,295,11800
N1_KA04C5141_JETTING,N1_KA04C5141_JETTING,A,2021-05-01,2022-04-30,ACTIVE,SIMULATION,No,295,11800
N1_KA04D4274_JETTING,N1_KA04D4274_JETTING,A,2021-05-01,2022-04-30,ACTIVE,SIMULATION,No,295,11800
N1_KA04D5126_TANKER,N1_KA04D5126_TANKER,A,2021-05-01,2022-04-30,ACTIVE,SIMULATION,No,295,11800
N21_KA02AC4524_JETTING,N21_KA02AC4524_JETTING,B,2022-05-01,2024-04-30,ACTIVE,SIMULATION,No,594,23760
N21_KA04C2201_JETTING,N21_KA04C2201_JETTING,B,2022-05-01,2024-04-30,ACTIVE,SIMULATION,No,594,23760
N21_KA04D5125_TANKER,N21_KA04D5125_TANKER,B,2022-05-01,2024-04-30,ACTIVE,SIMULATION,No,594,23760
N22_KA02AC4516_JETTING,N22_KA02AC4516_JETTING,B,2022-05-01,2024-04-30,ACTIVE,SIMULATION,No,594,23760
N22_KA04D4102_JETTING,N22_KA04D4102_JETTING,B,2022-05-01,2024-04-30,ACTIVE,SIMULATION,No,594,23760
N22_KA50B0070_JETTING,N22_KA50B0070_JETTING,A,2021-05-01,2022-04-30,ACTIVE,SIMULATION,No,295,11800
N2_KA04AA9015_DESITTING,N2_KA04AA9015_DESITTING,A,2021-05-01,2022-04-30,ACTIVE,SIMULATION,No,295,11800
N2_KA04AB5791_JETTING,N2_KA04AB5791_JETTING,A,2021-05-01,2022-04-30,ACTIVE,SIMULATION,No,295,11800
N2_KA04C2201_JETTING,N2_KA04C2201_JETTING,A,2021-05-01,2022-04-30,ACTIVE,SIMULATION,No,295,11800
N2_KA04D5125_TANKER,N2_KA04D5125_TANKER,A,2021-05-01,2022-04-30,ACTIVE,SIMULATION,No,295,11800
N3_KA02AC4516_JETTING,N3_KA02AC4516_JETTING,A,2021-05-01,2022-04-30,ACTIVE,SIMULATION,No,295,11800
N3_KA02AC4524_JETTING,N3_KA02AC4524_JETTING,A,2021-05-01,2022-04-30,ACTIVE,SIMULATION,No,295,11800
N3_KA04AA7682_DESILTING,N3_KA04AA7682_DESILTING,A,2021-05-01,2022-04-30,ACTIVE,SIMULATION,No,295,11800
N3_KA04AD5792_JETTING,N3_KA04AD5792_JETTING,A,2021-05-01,2022-04-30,ACTIVE,SIMULATION,No,295,11800
N3_KA04C5142_JETTING,N3_KA04C5142_JETTING,A,2021-05-01,2022-04-30,ACTIVE,SIMULATION,No,295,11800
N3_KA04D4102_JETTING,N3_KA04D4102_JETTING,A,2021-05-01,2022-04-30,ACTIVE,SIMULATION,No,295,11800
N3_KA04D5128_TANKER,N3_KA04D5128_TANKER,A,2021-05-01,2022-04-30,ACTIVE,SIMULATION,No,295,11800
N3_KA04D6659_JETTING,N3_KA04D6659_JETTING,A,2021-05-01,2022-04-30,ACTIVE,SIMULATION,No,295,11800
NE1_CAA3313_TANKER,NE1_CAA3313_TANKER,A,2021-05-01,2022-04-30,SCRAPPED,SCRAPPED,No,0,0
NE1_KA02AH5856_JETTING,NE1_KA02AH5856_JETTING,A,2021-05-01,2022-04-30,ACTIVE,SIMULATION,No,295,11800
NE1_KA03C5068_TANKER,NE1_KA03C5068_TANKER,B,2022-05-01,2024-04-30,ACTIVE,SIMULATION,No,594,23760
NE1_KA04A6216_JETTING,NE1_KA04A6216_JETTING,B,2022-05-01,2024-04-30,ACTIVE,SIMULATION,No,594,23760
NE1_KA04A9515_JETTING,NE1_KA04A9515_JETTING,B,2022-05-01,2024-04-30,SCRAPPED,SCRAPPED,No,0,0
NE1_KA04A9516_JETTING,NE1_KA04A9516_JETTING,B,2022-05-01,2024-04-30,ACTIVE,SIMULATION,No,594,23760
NE1_KA04AA7689_JETTING,NE1_KA04AA7689_JETTING,B,2022-05-01,2024-04-30,ACTIVE,SIMULATION,No,594,23760
NE1_KA04B7111_TANKER,NE1_KA04B7111_TANKER,B,2022-05-01,2024-04-30,ACTIVE,SIMULATION,No,594,23760
NE1_KA04B7112_TANKER,NE1_KA04B7112_TANKER,B,2022-05-01,2024-04-30,ACTIVE,SIMULATION,No,594,23760
NE1_KA04C5136_JETTING,NE1_KA04C5136_JETTING,B,2022-05-01,2024-04-30,ACTIVE,SIMULATION,No,594,23760
NE1_KA04D5158_JETTING,NE1_KA04D5158_JETTING,B,2022-05-01,2024-04-30,ACTIVE,SIMULATION,No,594,23760
NE1_KA04D5161_JETTING,NE1_KA04D5161_JETTING,A,2021-05-01,2022-04-30,ACTIVE,SIMULATION,No,295,11800
NE1_KA04N1245_JEEP,NE1_KA04N1245_JEEP,B,2022-05-01,2024-04-30,ACTIVE,SIMULATION,No,594,23760
NE2_KA02AC5944_JETTING,NE2_KA02AC5944_JETTING,B,2022-05-01,2024-04-30,ACTIVE,SIMULATION,No,594,23760
NE2_KA049930_TANKER,NE2_KA049930_TANKER,B,2022-05-01,2024-04-30,ACTIVE,SIMULATION,No,594,23760
NE2_KA04A3048_JETTING,NE2_KA04A3048_JETTING,B,2022-05-01,2024-04-30,SCRAPPED,SCRAPPED,No,0,0
NE2_KA04A9517_JETTING,NE2_KA04A9517_JETTING,B,2022-05-01,2024-04-30,ACTIVE,SIMULATION,No,594,23760
NE2_KA04AA1782_DESILTING,NE2_KA04AA1782_DESILTING,B,2022-05-01,2024-04-30,ACTIVE,SIMULATION,No,594,23760
NE2_KA04AB5800_JETTING,NE2_KA04AB5800_JETTING,B,2022-05-01,2024-04-30,ACTIVE,SIMULATION,No,594,23760
NE2_KA04B7110_TANKER,NE2_KA04B7110_TANKER,B,2022-05-01,2024-04-30,ACTIVE,SIMULATION,No,594,23760
NE2_KA04C5137_JETTING,NE2_KA04C5137_JETTING,B,2022-05-01,2024-04-30,ACTIVE,SIMULATION,No,594,23760
NE2_KA04D4272_JETTING,NE2_KA04D4272_JETTING,B,2022-05-01,2024-04-30,ACTIVE,SIMULATION,No,594,23760
NE2_KA04D5294_TANKER,NE2_KA04D5294_TANKER,B,2022-05-01,2024-04-30,ACTIVE,SIMULATION,No,594,23760
NE2_KA05AD2943_DESILTING,NE2_KA05AD2943_DESILTING,B,2022-05-01,2024-04-30,ACTIVE,SIMULATION,No,594,23760
NE3_KA02AC5944_JETTING,NE3_KA02AC5944_JETTING,A,2021-05-01,2022-04-30,ACTIVE,SIMULATION,No,295,11800
NE3_KA04A3042_JETTING,NE3_KA04A3042_JETTING,A,2021-05-01,2022-04-30,ACTIVE,SIMULATION,No,295,11800
NE3_KA04A6215_JETTING,NE3_KA04A6215_JETTING,A,2021-05-01,2022-04-30,ACTIVE,SIMULATION,No,295,11800
NE3_KA04AA1780_DESILTING,NE3_KA04AA1780_DESILTING,A,2021-05-01,2022-04-30,ACTIVE,SIMULATION,No,295,11800
NE3_KA04AA1781_DESILTING,NE3_KA04AA1781_DESILTING,A,2021-05-01,2022-04-30,ACTIVE,SIMULATION,No,295,11800
NE3_KA04AA1782_DESILTING,NE3_KA04AA1782_DESILTING,A,2021-05-01,2022-04-30,ACTIVE,SIMULATION,No,295,11800
NE3_KA04AA1783_DESILTING,NE3_KA04AA1783_DESILTING,A,2021-05-01,2022-04-30,ACTIVE,SIMULATION,No,295,11800
NE3_KA04AA1784_DESILTING,NE3_KA04AA1784_DESILTING,A,2021-05-01,2022-04-30,ACTIVE,SIMULATION,No,295,11800
NE3_KA04AA1789_DESILTING,NE3_KA04AA1789_DESILTING,B,2022-05-01,2024-04-30,ACTIVE,SIMULATION,No,594,23760
NE3_KA04B7114_TANKER,NE3_KA04B7114_TANKER,A,2021-05-01,2022-04-30,ACTIVE,SIMULATION,No,295,11800
NE3_KA04C3715_JETTING,NE3_KA04C3715_JETTING,A,2021-05-01,2022-04-30,ACTIVE,SIMULATION,No,295,11800
NE3_KA04C5140_JETTING,NE3_KA04C5140_JETTING,A,2021-05-01,2022-04-30,ACTIVE,SIMULATION,No,295,11800
NE3_KA04D4115_JETTING,NE3_KA04D4115_JETTING,A,2021-05-01,2022-04-30,ACTIVE,SIMULATION,No,295,11800
NW11_KA02B6769_JETTING,NW11_KA02B6769_JETTING,B,2022-05-01,2024-04-30,ACTIVE,SIMULATION,No,594,23760
NW11_KA04A3047_JETTING,NW11_KA04A3047_JETTING,B,2022-05-01,2024-04-30,SCRAPPED,SCRAPPED,No,0,0
NW11_KA04D6653_JETTING,NW11_KA04D6653_JETTING,B,2022-05-01,2024-04-30,ACTIVE,SIMULATION,No,594,23760
NW11_KA05AD2945_DESILTING,NW11_KA05AD2945_DESILTING,B,2022-05-01,2024-04-30,ACTIVE,SIMULATION,No,594,23760
NW12_KA02AH5776_JETTING,NW12_KA02AH5776_JETTING,A,2021-05-01,2022-04-30,ACTIVE,SIMULATION,No,295,11800
NW12_KA04AH4916_JETTING,NW12_KA04AH4916_JETTING,A,2021-05-01,2022-04-30,ACTIVE,SIMULATION,No,295,11800
NW12_KA04D4601_JETTING,NW12_KA04D4601_JETTING,B,2022-05-01,2024-04-30,ACTIVE,SIMULATION,No,594,23760
NW1_KA04A9519_JETTING,NW1_KA04A9519_JETTING,B,2022-05-01,2024-04-30,ACTIVE,SIMULATION,No,594,23760
NW1_KA04B6770_JETTING,NW1_KA04B6770_JETTING,B,2022-05-01,2024-04-30,SCRAPPED,SCRAPPED,No,0,0
NW1_KA04C5131_JETTING,NW1_KA04C5131_JETTING,B,2022-05-01,2024-04-30,ACTIVE,SIMULATION,No,594,23760
NW1_KA04D3161_TANKER,NW1_KA04D3161_TANKER,B,2022-05-01,2024-04-30,ACTIVE,SIMULATION,No,594,23760
NW1_KA04D4278_JETTING,NW1_KA04D4278_JETTING,B,2022-05-01,2024-04-30,ACTIVE,SIMULATION,No,594,23760
NW1_KA04D6656_JETTING,NW1_KA04D6656_JETTING,B,2022-05-01,2024-04-30,ACTIVE,SIMULATION,No,594,23760
NW2_KA04A3043_JETTING,NW2_KA04A3043_JETTING,A,2021-05-01,2022-04-30,ACTIVE,SIMULATION,No,295,11800
NW2_KA04AA9025_DESILTING,NW2_KA04AA9025_DESILTING,A,2021-05-01,2022-04-30,ACTIVE,SIMULATION,No,295,11800
NW2_KA04C5133_JETTING,NW2_KA04C5133_JETTING,A,2021-05-01,2022-04-30,ACTIVE,SIMULATION,No,295,11800
NW2_KA04D4113_JETTING,NW2_KA04D4113_JETTING,A,2021-05-01,2022-04-30,ACTIVE,SIMULATION,No,295,11800
NW2_KA04D5235_TANKER,NW2_KA04D5235_TANKER,A,2021-05-01,2022-04-30,ACTIVE,SIMULATION,No,295,11800
NW3_KA04A3043_JETTING,NW3_KA04A3043_JETTING,B,2022-05-01,2024-04-30,ACTIVE,SIMULATION,No,594,23760
NW3_KA04AA7686_DESILTING,NW3_KA04AA7686_DESILTING,A,2021-05-01,2022-04-30,ACTIVE,SIMULATION,No,295,11800
NW3_KA04AB6025_JETTING,NW3_KA04AB6025_JETTING,B,2022-05-01,2024-04-30,ACTIVE,SIMULATION,No,594,23760
NW3_KA04AB6028_JETTING,NW3_KA04AB6028_JETTING,A,2021-05-01,2022-04-30,ACTIVE,SIMULATION,No,295,11800
NW3_KA04AC5936_TANKER,NW3_KA04AC5936_TANKER,A,2021-05-01,2022-04-30,ACTIVE,SIMULATION,No,295,11800
NW3_KA04C2197_JETTING,NW3_KA04C2197_JETTING,A,2021-05-01,2022-04-30,ACTIVE,SIMULATION,No,295,11800
NW3_KA04C5133_JETTING,NW3_KA04C5133_JETTING,B,2022-05-01,2024-04-30,ACTIVE,SIMULATION,No,594,23760
NW3_KA04C5135_JETTING,NW3_KA04C5135_JETTING,A,2021-05-01,2022-04-30,ACTIVE,SIMULATION,No,295,11800
NW3_KA04D4113_JETTING,NW3_KA04D4113_JETTING,B,2022-05-01,2024-04-30,ACTIVE,SIMULATION,No,594,23760
NW3_KA04D5126_TANKER,NW3_KA04D5126_TANKER,B,2022-05-01,2024-04-30,ACTIVE,SIMULATION,No,594,23760
NW3_KA04D5165_JETTING,NW3_KA04D5165_JETTING,A,2021-05-01,2022-04-30,ACTIVE,SIMULATION,No,295,11800
NW3_KA04D5235_TANKER,NW3_KA04D5235_TANKER,B,2022-05-01,2024-04-30,ACTIVE,SIMULATION,No,594,23760
NW3_KA50A9854_JETTING,NW3_KA50A9854_JETTING,A,2021-05-01,2022-04-30,ACTIVE,SIMULATION,No,295,11800
NW4_KA02AH5783_JETTING,NW4_KA02AH5783_JETTING,A,2021-05-01,2022-04-30,ACTIVE,SIMULATION,No,295,11800
NW4_KA04AC5936_TANKER,NW4_KA04AC5936_TANKER,B,2022-05-01,2024-04-30,ACTIVE,SIMULATION,No,594,23760
NW4_KA04C5135_JETTING,NW4_KA04C5135_JETTING,B,2022-05-01,2024-04-30,ACTIVE,SIMULATION,No,594,23760
NW5_KA03AJ1453_JETTING,NW5_KA03AJ1453_JETTING,A,2021-05-01,2022-04-30,ACTIVE,SIMULATION,No,295,11800
S11_KA04C2198_JETTING,S11_KA04C2198_JETTING,B,2022-05-01,2024-04-30,ACTIVE,SIMULATION,No,594,23760
S11_KA04C2203_JETTING,S11_KA04C2203_JETTING,B,2022-05-01,2024-04-30,ACTIVE,SIMULATION,No,594,23760
S11_KA04C5151_JETTING,S11_KA04C5151_JETTING,B,2022-05-01,2024-04-30,ACTIVE,SIMULATION,No,594,23760
S11_KA04D4104_JETTING,S11_KA04D4104_JETTING,B,2022-05-01,2024-04-30,ACTIVE,SIMULATION,No,594,23760
S11_KA04D4106_JETTING,S11_KA04D4106_JETTING,B,2022-05-01,2024-04-30,ACTIVE,SIMULATION,No,594,23760
S11_KA04D5124_TANKER,S11_KA04D5124_TANKER,B,2022-05-01,2024-04-30,ACTIVE,SIMULATION,No,594,23760
S11_KA04D5161_JETTING,S11_KA04D5161_JETTING,B,2022-05-01,2024-04-30,ACTIVE,SIMULATION,No,594,23760
S11_KA04D5298_TANKER,S11_KA04D5298_TANKER,B,2022-05-01,2024-04-30,ACTIVE,SIMULATION,No,594,23760
S11_KA05AJ3582_JETTING,S11_KA05AJ3582_JETTING,A,2021-05-01,2022-04-30,ACTIVE,SIMULATION,No,295,11800
S11_KA05AK3138_JETTING,S11_KA05AK3138_JETTING,A,2021-05-01,2022-04-30,ACTIVE,SIMULATION,No,295,11800
S11_KA05AK3271_JETTING,S11_KA05AK3271_JETTING,A,2021-05-01,2022-04-30,ACTIVE,SIMULATION,No,295,11800
S11_KA05AK3583_JETTING,S11_KA05AK3583_JETTING,A,2021-05-01,2022-04-30,ACTIVE,SIMULATION,No,295,11800
S12_KA03AJ1454_JETTING,S12_KA03AJ1454_JETTING,A,2021-05-01,2022-04-30,ACTIVE,SIMULATION,No,295,11800
S12_KA04AA7683_DESILTING,S12_KA04AA7683_DESILTING,B,2022-05-01,2024-04-30,ACTIVE,SIMULATION,No,594,23760
S12_KA04C4868_JETTING,S12_KA04C4868_JETTING,B,2022-05-01,2024-04-30,ACTIVE,SIMULATION,No,594,23760
S12_KA04C5145_JETTING,S12_KA04C5145_JETTING,B,2022-05-01,2024-04-30,ACTIVE,SIMULATION,No,594,23760
S12_KA04C5152_JETTING,S12_KA04C5152_JETTING,B,2022-05-01,2024-04-30,ACTIVE,SIMULATION,No,594,23760
S12_KA04D4603_JETTING,S12_KA04D4603_JETTING,B,2022-05-01,2024-04-30,ACTIVE,SIMULATION,No,594,23760
S12_KA05AK3578_JETTING,S12_KA05AK3578_JETTING,A,2021-05-01,2022-04-30,ACTIVE,SIMULATION,No,295,11800
S12_KA05AK3579_JETTING,S12_KA05AK3579_JETTING,A,2021-05-01,2022-04-30,ACTIVE,SIMULATION,No,295,11800
S12_KA05D8083_TANKER,S12_KA05D8083_TANKER,B,2022-05-01,2024-04-30,ACTIVE,SIMULATION,No,594,23760
S13_KA02AH5780_JETTING,S13_KA02AH5780_JETTING,A,2021-05-01,2022-04-30,ACTIVE,SIMULATION,No,295,11800
S13_KA04C5149_JETTING,S13_KA04C5149_JETTING,B,2022-05-01,2024-04-30,ACTIVE,SIMULATION,No,594,23760
S1_KA03C5043_TANKER,S1_KA03C5043_TANKER,A,2021-05-01,2022-04-30,ACTIVE,SIMULATION,No,295,11800
S1_KA04C5144_JETTING,S1_KA04C5144_JETTING,A,2021-05-01,2022-04-30,ACTIVE,SIMULATION,No,295,11800
S1_KA04D4270_JETTING,S1_KA04D4270_JETTING,A,2021-05-01,2022-04-30,ACTIVE,SIMULATION,No,295,11800
S1_KA04D5233_TANKER,S1_KA04D5233_TANKER,A,2021-05-01,2022-04-30,ACTIVE,SIMULATION,No,295,11800
S1_KA04D5428_TANKER,S1_KA04D5428_TANKER,A,2021-05-01,2022-04-30,ACTIVE,SIMULATION,No,295,11800
S1_KA05AD2936_DESILTING,S1_KA05AD2936_DESILTING,A,2021-05-01,2022-04-30,ACTIVE,SIMULATION,No,295,11800
S1_KA05B6541_JETTING,S1_KA05B6541_JETTING,A,2021-05-01,2022-04-30,ACTIVE,SIMULATION,No,295,11800
S2_KA04AA7680_DESILTING,S2_KA04AA7680_DESILTING,A,2021-05-01,2022-04-30,ACTIVE,SIMULATION,No,295,11800
S2_KA04C5149_JETTING,S2_KA04C5149_JETTING,A,2021-05-01,2022-04-30,ACTIVE,SIMULATION,No,295,11800
S2_KA04D4104_JETTING,S2_KA04D4104_JETTING,A,2021-05-01,2022-04-30,ACTIVE,SIMULATION,No,295,11800
S2_KA04D5124_TANKER,S2_KA04D5124_TANKER,A,2021-05-01,2022-04-30,ACTIVE,SIMULATION,No,295,11800
S2_KA04D5296_TANKER,S2_KA04D5296_TANKER,A,2021-05-01,2022-04-30,ACTIVE,SIMULATION,No,295,11800
S2_KA04D5299_TANKER,S2_KA04D5299_TANKER,A,2021-05-01,2022-04-30,ACTIVE,SIMULATION,No,295,11800
S3_KA04A9518_JETTING,S3_KA04A9518_JETTING,A,2021-05-01,2022-04-30,ACTIVE,SIMULATION,No,295,11800
S3_KA04AA9017_DESILTING,S3_KA04AA9017_DESILTING,A,2021-05-01,2022-04-30,ACTIVE,SIMULATION,No,295,11800
S3_KA04C5146_JETTING,S3_KA04C5146_JETTING,A,2021-05-01,2022-04-30,ACTIVE,SIMULATION,No,295,11800
S3_KA04D6654_JETTING,S3_KA04D6654_JETTING,A,2021-05-01,2022-04-30,ACTIVE,SIMULATION,No,295,11800
S3_KA04D8086_TANKER,S3_KA04D8086_TANKER,A,2021-05-01,2022-04-30,ACTIVE,SIMULATION,No,295,11800
S4_KA04AA7683_DESILTING,S4_KA04AA7683_DESILTING,A,2021-05-01,2022-04-30,ACTIVE,SIMULATION,No,295,11800
S4_KA04AB5798_JETTING,S4_KA04AB5798_JETTING,A,2021-05-01,2022-04-30,ACTIVE,SIMULATION,No,295,11800
S4_KA04C4868_JETTING,S4_KA04C4868_JETTING,A,2021-05-01,2022-04-30,ACTIVE,SIMULATION,No,295,11800
S4_KA04C5145_JETTING,S4_KA04C5145_JETTING,A,2021-05-01,2022-04-30,ACTIVE,SIMULATION,No,295,11800
S4_KA04C5152_JETTING,S4_KA04C5152_JETTING,A,2021-05-01,2022-04-30,ACTIVE,SIMULATION,No,295,11800
S4_KA04D4603_JETTING,S4_KA04D4603_JETTING,A,2021-05-01,2022-04-30,ACTIVE,SIMULATION,No,295,11800
S4_KA05D8083_TANKER,S4_KA05D8083_TANKER,A,2021-05-01,2022-04-30,ACTIVE,SIMULATION,No,295,11800
SE1_CAW210_TANKER,SE1_CAW210_TANKER,B,2022-05-01,2024-04-30,SCRAPPED,SCRAPPED,No,0,0
SE1_CAW313_TANKER,SE1_CAW313_TANKER,B,2022-05-01,2024-04-30,SCRAPPED,SCRAPPED,No,0,0
SE1_KA03AJ4267_JETTING,SE1_KA03AJ4267_JETTING,A,2021-05-01,2022-04-30,ACTIVE,SIMULATION,No,295,11800
SE1_KA03AJ4268_JETTING,SE1_KA03AJ4268_JETTING,A,2021-05-01,2022-04-30,ACTIVE,SIMULATION,No,295,11800
SE1_KA03B964_JETTING,SE1_KA03B964_JETTING,B,2022-05-01,2024-04-30,ACTIVE,SIMULATION,No,594,23760
SE1_KA049409_JETTING,SE1_KA049409_JETTING,A,2021-05-01,2022-04-30,ACTIVE,SIMULATION,No,295,11800
SE1_KA04A3046_JETTING,SE1_KA04A3046_JETTING,B,2022-05-01,2024-04-30,SCRAPPED,SCRAPPED,No,0,0
SE1_KA04AA9030_DESILTING,SE1_KA04AA9030_DESILTING,B,2022-05-01,2024-04-30,ACTIVE,SIMULATION,No,594,23760
SE1_KA04AA9030_DESITING,SE1_KA04AA9030_DESITING,A,2021-05-01,2022-04-30,ACTIVE,SIMULATION,No,295,11800
SE1_KA04AB5793_JETTING,SE1_KA04AB5793_JETTING,B,2022-05-01,2024-04-30,ACTIVE,SIMULATION,No,594,23760
SE1_KA04AB5794_JETTING,SE1_KA04AB5794_JETTING,B,2022-05-01,2024-04-30,ACTIVE,SIMULATION,No,594,23760
SE1_KA04C5150_JETTING,SE1_KA04C5150_JETTING,B,2022-05-01,2024-04-30,ACTIVE,SIMULATION,No,594,23760
SE1_KA04C5154_JETTING,SE1_KA04C5154_JETTING,A,2021-05-01,2022-04-30,ACTIVE,SIMULATION,No,295,11800
SE1_KA04D4110_JETTING,SE1_KA04D4110_JETTING,B,2022-05-01,2024-04-30,ACTIVE,SIMULATION,No,594,23760
SE1_KA04D5303_TANKER,SE1_KA04D5303_TANKER,B,2022-05-01,2024-04-30,ACTIVE,SIMULATION,No,594,23760
SE1_KA04D6651_JETTING,SE1_KA04D6651_JETTING,A,2021-05-01,2022-04-30,ACTIVE,SIMULATION,No,295,11800
SE1_KA05AD2948_DESILTING,SE1_KA05AD2948_DESILTING,A,2021-05-01,2022-04-30,ACTIVE,SIMULATION,No,295,11800
SE1_KA05D8227_TANKER,SE1_KA05D8227_TANKER,A,2021-05-01,2022-04-30,ACTIVE,SIMULATION,No,295,11800
SE2_KA03C5068_TANKER,SE2_KA03C5068_TANKER,A,2021-05-01,2022-04-30,ACTIVE,SIMULATION,No,295,11800
SE2_KA049409_JETTING,SE2_KA049409_JETTING,B,2022-05-01,2024-04-30,ACTIVE,SIMULATION,No,594,23760
SE2_KA04A3282_JETTING,SE2_KA04A3282_JETTING,A,2021-05-01,2022-04-30,ACTIVE,SIMULATION,No,295,11800
SE2_KA04A7681_DESILTING,SE2_KA04A7681_DESILTING,A,2021-05-01,2022-04-30,ACTIVE,SIMULATION,No,295,11800
SE2_KA04C2090_JETTING,SE2_KA04C2090_JETTING,A,2021-05-01,2022-04-30,ACTIVE,SIMULATION,No,295,11800
SE2_KA04C5154_JETTING,SE2_KA04C5154_JETTING,B,2022-05-01,2024-04-30,ACTIVE,SIMULATION,No,594,23760
SE2_KA04D4611_JETTING,SE2_KA04D4611_JETTING,A,2021-05-01,2022-04-30,ACTIVE,SIMULATION,No,295,11800
SE2_KA04D6651_JETTING,SE2_KA04D6651_JETTING,B,2022-05-01,2024-04-30,ACTIVE,SIMULATION,No,594,23760
SE2_KA05D8227_TANKER,SE2_KA05D8227_TANKER,B,2022-05-01,2024-04-30,ACTIVE,SIMULATION,No,594,23760
SE3_KA02AC5940_JETTING,SE3_KA02AC5940_JETTING,A,2021-05-01,2022-04-30,ACTIVE,SIMULATION,No,295,11800
SE3_KA04A3044_JETTING,SE3_KA04A3044_JETTING,A,2021-05-01,2022-04-30,ACTIVE,SIMULATION,No,295,11800
SE3_KA04AA7687_DESILTING,SE3_KA04AA7687_DESILTING,A,2021-05-01,2022-04-30,ACTIVE,SIMULATION,No,295,11800
SE3_KA04AB5801_JETTING,SE3_KA04AB5801_JETTING,A,2021-05-01,2022-04-30,ACTIVE,SIMULATION,No,295,11800
SE3_KA04D4155_JETTING,SE3_KA04D4155_JETTING,A,2021-05-01,2022-04-30,ACTIVE,SIMULATION,No,295,11800
SE3_KA04D5311_TANKER,SE3_KA04D5311_TANKER,A,2021-05-01,2022-04-30,ACTIVE,SIMULATION,No,295,11800
SE3_KA05B8084_TANKER,SE3_KA05B8084_TANKER,A,2021-05-01,2022-04-30,ACTIVE,SIMULATION,No,295,11800
SE4_KA03AJ4269_JETTING,SE4_KA03AJ4269_JETTING,A,2021-05-01,2022-04-30,ACTIVE,SIMULATION,No,295,11800
SE4_KA04A3282_JETTING,SE4_KA04A3282_JETTING,B,2022-05-01,2024-04-30,ACTIVE,SIMULATION,No,594,23760
SE5_KA04A3044_JETTING,SE5_KA04A3044_JETTING,B,2022-05-01,2024-04-30,ACTIVE,SIMULATION,No,594,23760
SE5_KA04AA7687_DESILTING,SE5_KA04AA7687_DESILTING,B,2022-05-01,2024-04-30,ACTIVE,SIMULATION,No,594,23760
SE5_KA04D4155_JETTING,SE5_KA04D4155_JETTING,B,2022-05-01,2024-04-30,ACTIVE,SIMULATION,No,594,23760
SE5_KA04D5311_TANKER,SE5_KA04D5311_TANKER,B,2022-05-01,2024-04-30,ACTIVE,SIMULATION,No,594,23760
SE5_KA05AK3581_JETTING,SE5_KA05AK3581_JETTING,A,2021-05-01,2022-04-30,ACTIVE,SIMULATION,No,295,11800
SE5_KA05B8084_TANKER,SE5_KA05B8084_TANKER,B,2022-05-01,2024-04-30,ACTIVE,SIMULATION,No,594,23760
SE6_KA04A9518_JETTING,SE6_KA04A9518_JETTING,B,2022-05-01,2024-04-30,ACTIVE,SIMULATION,No,594,23760
SE6_KA04AA9017_DESILTING,SE6_KA04AA9017_DESILTING,B,2022-05-01,2024-04-30,ACTIVE,SIMULATION,No,594,23760
SE6_KA04D6654_JETTING,SE6_KA04D6654_JETTING,B,2022-05-01,2024-04-30,ACTIVE,SIMULATION,No,594,23760
SE6_KA05AK3580_JETTING,SE6_KA05AK3580_JETTING,A,2021-05-01,2022-04-30,ACTIVE,SIMULATION,No,295,11800
STP_CUBBON_PARK_KA05D8079_TANKER,STP_CUBBON_PARK_KA05D8079_TANKER,B,2022-05-01,2024-04-30,ACTIVE,SIMULATION,No,594,23760
SW1_KA01B9896_TANKER,SW1_KA01B9896_TANKER,A,2021-05-01,2022-04-30,ACTIVE,SIMULATION,No,295,11800
SW1_KA02AC5939_JETTING,SW1_KA02AC5939_JETTING,B,2022-05-01,2024-04-30,ACTIVE,SIMULATION,No,594,23760
SW1_KA02AH5779_JETTING,SW1_KA02AH5779_JETTING,A,2021-05-01,2022-04-30,ACTIVE,SIMULATION,No,295,11800
SW1_KA04A3045_JETTING,SW1_KA04A3045_JETTING,A,2021-05-01,2022-04-30,ACTIVE,SIMULATION,No,295,11800
SW1_KA04A7291_JETTING,SW1_KA04A7291_JETTING,B,2022-05-01,2024-04-30,ACTIVE,SIMULATION,No,594,23760
SW1_KA04A9520_JETTING,SW1_KA04A9520_JETTING,A,2021-05-01,2022-04-30,SCRAPPED,SCRAPPED,No,0,0
SW1_KA04A9522_JETTING,SW1_KA04A9522_JETTING,A,2021-05-01,2022-04-30,ACTIVE,SIMULATION,No,295,11800
SW1_KA04AA7685_DESITING,SW1_KA04AA7685_DESITING,A,2021-05-01,2022-04-30,ACTIVE,SIMULATION,No,295,11800
SW1_KA04C5126_JETTING,SW1_KA04C5126_JETTING,B,2022-05-01,2024-04-30,ACTIVE,SIMULATION,No,594,23760
SW1_KA04D4607_JETTING,SW1_KA04D4607_JETTING,A,2021-05-01,2022-04-30,ACTIVE,SIMULATION,No,295,11800
SW1_KA04D4872_JETTING,SW1_KA04D4872_JETTING,A,2021-05-01,2022-04-30,ACTIVE,SIMULATION,No,295,11800
SW1_KA04D5123_TANKER,SW1_KA04D5123_TANKER,B,2022-05-01,2024-04-30,ACTIVE,SIMULATION,No,594,23760
SW2_CAW236_JETTING,SW2_CAW236_JETTING,B,2022-05-01,2024-04-30,SCRAPPED,SCRAPPED,No,0,0
SW2_CAW311_TANKER,SW2_CAW311_TANKER,B,2022-05-01,2024-04-30,SCRAPPED,SCRAPPED,No,0,0
SW2_KA02AH5778_JETTING,SW2_KA02AH5778_JETTING,A,2021-05-01,2022-04-30,ACTIVE,SIMULATION,No,295,11800
SW2_KA04A3045_JETTING,SW2_KA04A3045_JETTING,B,2022-05-01,2024-04-30,ACTIVE,SIMULATION,No,594,23760
SW2_KA04A9520_JETTING,SW2_KA04A9520_JETTING,B,2022-05-01,2024-04-30,SCRAPPED,SCRAPPED,No,0,0
SW2_KA04A9522_JETTING,SW2_KA04A9522_JETTING,B,2022-05-01,2024-04-30,ACTIVE,SIMULATION,No,594,23760
SW2_KA04AA7685_DESILTING,SW2_KA04AA7685_DESILTING,B,2022-05-01,2024-04-30,ACTIVE,SIMULATION,No,594,23760
SW2_KA04AB5797_JETTING,SW2_KA04AB5797_JETTING,A,2021-05-01,2022-04-30,ACTIVE,SIMULATION,No,295,11800
SW2_KA04C5143_JETTING,SW2_KA04C5143_JETTING,A,2021-05-01,2022-04-30,ACTIVE,SIMULATION,No,295,11800
SW2_KA04C5161_JETTING,SW2_KA04C5161_JETTING,B,2022-05-01,2024-04-30,ACTIVE,SIMULATION,No,594,23760
SW2_KA04D4605_JETTING,SW2_KA04D4605_JETTING,A,2021-05-01,2022-04-30,ACTIVE,SIMULATION,No,295,11800
SW2_KA04D4607_JETTING,SW2_KA04D4607_JETTING,B,2022-05-01,2024-04-30,ACTIVE,SIMULATION,No,594,23760
SW2_KA04D5285_TANKER,SW2_KA04D5285_TANKER,A,2021-05-01,2022-04-30,ACTIVE,SIMULATION,No,295,11800
SW3_KA02AC5929_JETTING,SW3_KA02AC5929_JETTING,B,2022-05-01,2024-04-30,ACTIVE,SIMULATION,No,594,23760
SW3_KA02AH5782_JETTING,SW3_KA02AH5782_JETTING,A,2021-05-01,2022-04-30,ACTIVE,SIMULATION,No,295,11800
SW3_KA04A9513_JETTING,SW3_KA04A9513_JETTING,B,2022-05-01,2024-04-30,ACTIVE,SIMULATION,No,594,23760
SW3_KA04C5147_JETTING,SW3_KA04C5147_JETTING,B,2022-05-01,2024-04-30,ACTIVE,SIMULATION,No,594,23760
SW3_KA05A8077_TANKER,SW3_KA05A8077_TANKER,B,2022-05-01,2024-04-30,ACTIVE,SIMULATION,No,594,23760
SW3_KA05AD2942_DESILTING,SW3_KA05AD2942_DESILTING,B,2022-05-01,2024-04-30,ACTIVE,SIMULATION,No,594,23760
SW4_KA02AH5777_JETTING,SW4_KA02AH5777_JETTING,A,2021-05-01,2022-04-30,ACTIVE,SIMULATION,No,295,11800
SW4_KA04AA9016_DESILTING,SW4_KA04AA9016_DESILTING,A,2021-05-01,2022-04-30,ACTIVE,SIMULATION,No,295,11800
SW4_KA04AA9021_DESILTING,SW4_KA04AA9021_DESILTING,A,2021-05-01,2022-04-30,ACTIVE,SIMULATION,No,295,11800
SW4_KA04C2198_JETTING,SW4_KA04C2198_JETTING,A,2021-05-01,2022-04-30,ACTIVE,SIMULATION,No,295,11800
SW4_KA04C2203_JETTING,SW4_KA04C2203_JETTING,A,2021-05-01,2022-04-30,ACTIVE,SIMULATION,No,295,11800
SW4_KA04C5143_JETTING,SW4_KA04C5143_JETTING,B,2022-05-01,2024-04-30,ACTIVE,SIMULATION,No,594,23760
SW4_KA04C5151_JETTING,SW4_KA04C5151_JETTING,A,2021-05-01,2022-04-30,ACTIVE,SIMULATION,No,295,11800
SW4_KA04D4106_JETTING,SW4_KA04D4106_JETTING,A,2021-05-01,2022-04-30,ACTIVE,SIMULATION,No,295,11800
SW4_KA04D4605_JETTING,SW4_KA04D4605_JETTING,B,2022-05-01,2024-04-30,ACTIVE,SIMULATION,No,594,23760
SW4_KA04D5285_TANKER,SW4_KA04D5285_TANKER,B,2022-05-01,2024-04-30,ACTIVE,SIMULATION,No,594,23760
SW4_KA04D5298_TANKER,SW4_KA04D5298_TANKER,A,2021-05-01,2022-04-30,ACTIVE,SIMULATION,No,295,11800
SW4_KA05D6540_JETTING,SW4_KA05D6540_JETTING,A,2021-05-01,2022-04-30,ACTIVE,SIMULATION,No,295,11800
SW4_KA05D8079_TANKER,SW4_KA05D8079_TANKER,A,2021-05-01,2022-04-30,ACTIVE,SIMULATION,No,295,11800
SW5_KA03C5043_TANKER,SW5_KA03C5043_TANKER,B,2022-05-01,2024-04-30,ACTIVE,SIMULATION,No,594,23760
SW5_KA04C5144_JETTING,SW5_KA04C5144_JETTING,B,2022-05-01,2024-04-30,ACTIVE,SIMULATION,No,594,23760
SW5_KA04D4270_JETTING,SW5_KA04D4270_JETTING,B,2022-05-01,2024-04-30,ACTIVE,SIMULATION,No,594,23760
SW5_KA05AK3600_JETTING,SW5_KA05AK3600_JETTING,A,2021-05-01,2022-04-30,ACTIVE,SIMULATION,No,295,11800
SW5_KA05B6541_JETTING,SW5_KA05B6541_JETTING,B,2022-05-01,2024-04-30,ACTIVE,SIMULATION,No,594,23760
SW6_KA04C5129_JETTING,SW6_KA04C5129_JETTING,B,2022-05-01,2024-04-30,ACTIVE,SIMULATION,No,594,23760
SW6_KA04D5233_TANKER,SW6_KA04D5233_TANKER,B,2022-05-01,2024-04-30,ACTIVE,SIMULATION,No,594,23760
W1_KA02B6769_JETTING,W1_KA02B6769_JETTING,A,2021-05-01,2022-04-30,ACTIVE,SIMULATION,No,295,11800
W1_KA02D3148_TANKER,W1_KA02D3148_TANKER,A,2021-05-01,2022-04-30,ACTIVE,SIMULATION,No,295,11800
W1_KA04C9408_JETTING,W1_KA04C9408_JETTING,A,2021-05-01,2022-04-30,ACTIVE,SIMULATION,No,295,11800
W1_KA04D6653_JETTING,W1_KA04D6653_JETTING,A,2021-05-01,2022-04-30,ACTIVE,SIMULATION,No,295,11800
W1_KA05AD2945_DESILTING,W1_KA05AD2945_DESILTING,A,2021-05-01,2022-04-30,ACTIVE,SIMULATION,No,295,11800
W21_KA04A9521_JETTING,W21_KA04A9521_JETTING,B,2022-05-01,2024-04-30,ACTIVE,SIMULATION,No,594,23760
W21_KA04D4156_JETTING,W21_KA04D4156_JETTING,B,2022-05-01,2024-04-30,ACTIVE,SIMULATION,No,594,23760
W21_KA04D5156_JETTING,W21_KA04D5156_JETTING,B,2022-05-01,2024-04-30,ACTIVE,SIMULATION,No,594,23760
W21_KA04D5305_TANKER,W21_KA04D5305_TANKER,B,2022-05-01,2024-04-30,ACTIVE,SIMULATION,No,594,23760
W22_KA01A5947_JETTING,W22_KA01A5947_JETTING,B,2022-05-01,2024-04-30,SCRAPPED,SCRAPPED,No,0,0
W22_KA04C5134_JETTING,W22_KA04C5134_JETTING,B,2022-05-01,2024-04-30,ACTIVE,SIMULATION,No,594,23760
W22_KA04D4864_JETTING,W22_KA04D4864_JETTING,B,2022-05-01,2024-04-30,ACTIVE,SIMULATION,No,594,23760
W2_KA04C5134_JETTING,W2_KA04C5134_JETTING,A,2021-05-01,2022-04-30,ACTIVE,SIMULATION,No,295,11800
W2_KA04D4864_JETTING,W2_KA04D4864_JETTING,A,2021-05-01,2022-04-30,ACTIVE,SIMULATION,No,295,11800
W3_KA04A9521_JETTING,W3_KA04A9521_JETTING,A,2021-05-01,2022-04-30,ACTIVE,SIMULATION,No,295,11800
W3_KA04C5237_TANKER,W3_KA04C5237_TANKER,A,2021-05-01,2022-04-30,ACTIVE,SIMULATION,No,295,11800
W3_KA04D4156_JETTING,W3_KA04D4156_JETTING,A,2021-05-01,2022-04-30,ACTIVE,SIMULATION,No,295,11800
W3_KA04D5156_JETTING,W3_KA04D5156_JETTING,A,2021-05-01,2022-04-30,ACTIVE,SIMULATION,No,295,11800
W3_KA04D5305_TANKER,W3_KA04D5305_TANKER,A,2021-05-01,2022-04-30,ACTIVE,SIMULATION,No,295,11800
W4_KA02D3152_TANKER,W4_KA02D3152_TANKER,A,2021-05-01,2022-04-30,ACTIVE,SIMULATION,No,295,11800
W4_KA04B6770_JETTING,W4_KA04B6770_JETTING,A,2021-05-01,2022-04-30,SCRAPPED,SCRAPPED,No,0,0
W4_KA04C5129_JETTING,W4_KA04C5129_JETTING,A,2021-05-01,2022-04-30,ACTIVE,SIMULATION,No,295,11800
W4_KA04D4601_JETTING,W4_KA04D4601_JETTING,A,2021-05-01,2022-04-30,ACTIVE,SIMULATION,No,295,11800
WWMN_CV1_KA04AA9020_DESILTING,WWMN_CV1_KA04AA9020_DESILTING,B,2022-05-01,2024-04-30,ACTIVE,SIMULATION,No,594,23760
WWMN_CV1_KA53B3463_DUMPTANKER,WWMN_CV1_KA53B3463_DUMPTANKER,B,2022-05-01,2024-04-30,ACTIVE,SIMULATION,No,594,23760
WWMN_CV1_KA53B3464_JETTING,WWMN_CV1_KA53B3464_JETTING,B,2022-05-01,2024-04-30,ACTIVE,SIMULATION,No,594,23760
WWMN_CV1_KA53B3468_JETTING,WWMN_CV1_KA53B3468_JETTING,B,2022-05-01,2024-04-30,ACTIVE,SIMULATION,No,594,23760
WWM_KA53B3470_SUCTION,WWM_KA53B3470_SUCTION,A,2021-05-01,2022-04-30,ACTIVE,SIMULATION,No,295,11800
WWM_KA53B3471_SUCTION,WWM_KA53B3471_SUCTION,A,2021-05-01,2022-04-30,ACTIVE,SIMULATION,No,295,11800
WWM_KA53B3474_DUMPING,WWM_KA53B3474_DUMPING,B,2022-05-01,2024-04-30,ACTIVE,SIMULATION,No,594,23760
WWM_KA53B3475_DUMPING,WWM_KA53B3475_DUMPING,B,2022-05-01,2024-04-30,ACTIVE,SIMULATION,No,594,23760
WWM_KA53B3476_DUMPING,WWM_KA53B3476_DUMPING,B,2022-05-01,2024-04-30,ACTIVE,SIMULATION,No,594,23760
WWM_KA53B3477_DUMPING,WWM_KA53B3477_DUMPING,B,2022-05-01,2024-04-30,ACTIVE,SIMULATION,No,594,23760
WWM_KC1_KA04AA5948_DESILTING,WWM_KC1_KA04AA5948_DESILTING,B,2022-05-01,2024-04-30,ACTIVE,SIMULATION,No,594,23760
WWM_KC1_KA04AA9020_DESITING,WWM_KC1_KA04AA9020_DESITING,A,2021-05-01,2022-04-30,ACTIVE,SIMULATION,No,295,11800
WWM_KC1_KA53B3463_DUMPTANKER,WWM_KC1_KA53B3463_DUMPTANKER,A,2021-05-01,2022-04-30,ACTIVE,SIMULATION,No,295,11800
WWM_KC1_KA53B3464_JETTING,WWM_KC1_KA53B3464_JETTING,A,2021-05-01,2022-04-30,ACTIVE,SIMULATION,No,295,11800
WWM_KC1_KA53B3468_JETTING,WWM_KC1_KA53B3468_JETTING,A,2021-05-01,2022-04-30,ACTIVE,SIMULATION,No,295,11800
WWM_KC2_KA53B3469_JETTING,WWM_KC2_KA53B3469_JETTING,A,2021-05-01,2022-04-30,ACTIVE,SIMULATION,No,295,11800
WWM_KC2_KA53B3472_JETTING,WWM_KC2_KA53B3472_JETTING,B,2022-05-01,2024-04-30,ACTIVE,SIMULATION,No,594,23760
WWM_KC2_KA53B3473_DUMPTANKER,WWM_KC2_KA53B3473_DUMPTANKER,B,2022-05-01,2024-04-30,ACTIVE,SIMULATION,No,594,23760
WWM_VV1_KA04AA9029_DESILTING,WWM_VV1_KA04AA9029_DESILTING,B,2022-05-01,2024-04-30,ACTIVE,SIMULATION,No,594,23760
WWM_VV1_KA53B3459_DUMPING,WWM_VV1_KA53B3459_DUMPING,B,2022-05-01,2024-04-30,ACTIVE,SIMULATION,No,594,23760
WWM_VV1_KA53B3460_JETTING,WWM_VV1_KA53B3460_JETTING,B,2022-05-01,2024-04-30,ACTIVE,SIMULATION,No,594,23760
WWM_VV1_KA53B3461_DUMPTANKER,WWM_VV1_KA53B3461_DUMPTANKER,B,2022-05-01,2024-04-30,ACTIVE,SIMULATION,No,594,23760
WWM_VV1_KA53B3465_JETTING,WWM_VV1_KA53B3465_JETTING,A,2021-05-01,2022-04-30,ACTIVE,SIMULATION,No,295,11800
WWM_VV2_KA41AB5933_RECYCLER,WWM_VV2_KA41AB5933_RECYCLER,B,2022-05-01,2024-04-30,ACTIVE,SIMULATION,No,594,23760
WWM_VV2_KA53B3461_DUMPTANKER,WWM_VV2_KA53B3461_DUMPTANKER,A,2021-05-01,2022-04-30,ACTIVE,SIMULATION,No,295,11800
WWM_VV2_KA53B3462_JETTING,WWM_VV2_KA53B3462_JETTING,A,2021-05-01,2022-04-30,ACTIVE,SIMULATION,No,295,11800
WWM_VV2_KA53B3467_JETTING,WWM_VV2_KA53B3467_JETTING,A,2021-05-01,2022-04-30,ACTIVE,SIMULATION,No,295,11800
WWW_V_VV1_KA53B3462_JETTING,WWW_V_VV1_KA53B3462_JETTING,B,2022-05-01,2024-04-30,ACTIVE,SIMULATION,No,594,23760
WWW_V_VV1_KA53B3465_JETTING,WWW_V_VV1_KA53B3465_JETTING,B,2022-05-01,2024-04-30,ACTIVE,SIMULATION,No,594,23760
WWW_V_VV1_KA53B3467_JETTING,WWW_V_VV1_KA53B3467_JETTING,B,2022-05-01,2024-04-30,ACTIVE,SIMULATION,No,594,23760
